{"start_step": 100, "end_step": 500, "step_interval": 100, "loss_values": [0.00046839181838246685, 2.087271119914173e-05, 1.31276870736959e-06, 6.912159155233096e-11, 0.0], "step_times": [6.357304414113362, 5.979689915974935, 6.376240253448486, 6.373825391133626, 6.355693658192952], "step_time_avg": 6.288550726572673, "e2e_time_seconds": 295.73600000000005}