{"start_step": 100, "end_step": 500, "step_interval": 100, "loss_values": [0.0004682748403865844, 2.090286701180351e-05, 1.3127760970140419e-06, 5.8207657444020455e-11, 0.0], "step_times": [6.688000361124675, 6.699192523956299, 6.694862047831218, 6.698123772939046, 6.700749556223552], "step_time_avg": 6.6961856524149574, "e2e_time_seconds": 223.268}