{"start_step": 100, "end_step": 500, "step_interval": 100, "loss_values": [0.00043803153675980866, 2.2190377421793528e-05, 1.4306265256891493e-06, 5.8207657444020455e-11, 0.0], "step_times": [2.357959032058716, 2.3574414253234863, 2.3560804526011148, 2.357269843419393, 2.3561060428619385], "step_time_avg": 2.3569713592529298, "e2e_time_seconds": 385.921}