{"start_step": 100, "end_step": 500, "step_interval": 100, "loss_values": [0.00046849539891506237, 2.0879013391095214e-05, 1.3132464952529215e-06, 5.8207657444020455e-11, 0.0], "step_times": [6.436240037282308, 6.217730363210042, 6.462920983632405, 6.463934898376465, 6.473924477895101], "step_time_avg": 6.4109501520792636, "e2e_time_seconds": 284.0213333333333}