{"start_step": 100, "end_step": 300, "step_interval": 100, "loss_values": [0.0004531083977781236, 2.0986779418308288e-05, 1.31147601223347e-06], "step_times": [9.16663678487142, 9.166899998982748, 9.190437952677408], "step_time_avg": 9.174658245510523, "e2e_time_seconds": 286.86566666666664}