{"start_step": 100, "end_step": 300, "step_interval": 100, "loss_values": [0.00045988122777392465, 2.1979689942478824e-05, 1.3908903990037895e-06], "step_times": [9.137898763020834, 9.141323407491049, 9.186994552612305], "step_time_avg": 9.155405574374731, "e2e_time_seconds": 292.8193333333333}