{"start_step": 100, "end_step": 300, "step_interval": 100, "loss_values": [0.00046117109013721347, 2.1980367819196545e-05, 1.3908905505862397e-06], "step_times": [9.571099281311035, 9.56772263844808, 9.569978396097818], "step_time_avg": 9.569600105285645, "e2e_time_seconds": 195.529}