{"start_step": 100, "end_step": 300, "step_interval": 100, "loss_values": [0.0004550429875962436, 2.098800177918747e-05, 1.3114761259203078e-06], "step_times": [9.69591999053955, 9.694547653198242, 9.6983060836792], "step_time_avg": 9.696257909138998, "e2e_time_seconds": 193.862}