{"start_step": 100, "end_step": 500, "step_interval": 100, "loss_values": [0.0004496203036978841, 2.1072781237307936e-05, 1.311417690885719e-06, 6.332992796842518e-08, 0.0], "step_times": [7.596570014953613, 7.602797985076904, 7.6039958000183105, 7.596330642700195, 7.598455429077148], "step_time_avg": 7.599629974365234, "e2e_time_seconds": 238.575}