{"start_step": 100, "end_step": 500, "step_interval": 100, "loss_values": [0.0004496203036978841, 2.1072781237307936e-05, 1.311417690885719e-06, 6.332992796842518e-08, 0.0], "step_times": [7.595651865005493, 7.599909543991089, 7.602108001708984, 7.595033645629883, 7.59737229347229], "step_time_avg": 7.598015069961548, "e2e_time_seconds": 234.1085}