{"start_step": 100, "end_step": 300, "step_interval": 100, "loss_values": [0.0004562355752568692, 2.0987012248951942e-05, 1.31147601223347e-06], "step_times": [9.896685918172201, 9.902073860168457, 9.896770795186361], "step_time_avg": 9.898510191175673, "e2e_time_seconds": 282.402}