{"start_step": 100, "end_step": 300, "step_interval": 100, "loss_values": [0.0004619551570309947, 2.1979879723706592e-05, 1.3908903990037895e-06], "step_times": [9.800720850626627, 9.806367556254068, 9.80089282989502], "step_time_avg": 9.802660412258573, "e2e_time_seconds": 287.28933333333333}