{"start_step": 100, "end_step": 300, "step_interval": 100, "loss_values": [0.000438039714936167, 2.219043562945444e-05, 1.4306265256891493e-06], "step_times": [2.4758432706197104, 2.476098378499349, 2.4765774408976235], "step_time_avg": 2.4761730300055604, "e2e_time_seconds": 322.90933333333334}