{"start_step": 100, "end_step": 300, "step_interval": 100, "loss_values": [0.000438039714936167, 2.219043562945444e-05, 1.4306265256891493e-06], "step_times": [2.470784823099772, 2.471130927403768, 2.471168835957845], "step_time_avg": 2.4710281954871287, "e2e_time_seconds": 316.19}