{"start_step": 100, "end_step": 300, "step_interval": 100, "loss_values": [0.0004382363404147327, 2.253897037007846e-05, 1.4306265256891493e-06], "step_times": [1.6547863880793254, 1.6562701066335042, 1.6603738069534302], "step_time_avg": 1.6571434338887532, "e2e_time_seconds": 391.36400000000003}