{"start_step": 100, "end_step": 300, "step_interval": 100, "loss_values": [0.0004382363404147327, 2.253897037007846e-05, 1.4306265256891493e-06], "step_times": [1.6266847054163616, 1.6370126803716023, 1.6351629098256428], "step_time_avg": 1.6329534318712022, "e2e_time_seconds": 393.96866666666665}