{"start_step": 100, "end_step": 300, "step_interval": 100, "loss_values": [0.0004595223581418395, 2.2086765966378152e-05, 1.450262061553076e-06], "step_times": [8.208735148111979, 8.21290397644043, 8.209474563598633], "step_time_avg": 8.21037122938368, "e2e_time_seconds": 296.959}