{"start_step": 100, "end_step": 300, "step_interval": 100, "loss_values": [0.0004683640436269343, 2.1106745407450944e-05, 1.311883579546702e-06], "step_times": [6.465008894602458, 6.465569972991943, 6.463742891947429], "step_time_avg": 6.464773919847276, "e2e_time_seconds": 285.65200000000004}