{"start_step": 100, "end_step": 300, "step_interval": 100, "loss_values": [0.0004528434365056455, 2.122193473041989e-05, 1.3954693258710904e-06], "step_times": [8.431368192036947, 8.43382708231608, 8.431408246358236], "step_time_avg": 8.432201173570421, "e2e_time_seconds": 287.23}