{"start_step": 100, "end_step": 300, "step_interval": 100, "loss_values": [0.0004683640436269343, 2.1106745407450944e-05, 1.311883579546702e-06], "step_times": [6.425331115722656, 6.425313472747803, 6.422374884287517], "step_time_avg": 6.424339824252658, "e2e_time_seconds": 296.25399999999996}