{"start_step": 100, "end_step": 300, "step_interval": 100, "loss_values": [0.0004531083977781236, 2.0986779418308288e-05, 1.31147601223347e-06], "step_times": [9.474847793579102, 9.474331537882486, 9.4735320409139], "step_time_avg": 9.474237124125162, "e2e_time_seconds": 281.1556666666667}