{"start_step": 100, "end_step": 300, "step_interval": 100, "loss_values": [0.0004681030404753983, 2.086862332362216e-05, 1.3121162965035182e-06], "step_times": [7.275770664215088, 7.267403920491536, 7.267686367034912], "step_time_avg": 7.270286983913845, "e2e_time_seconds": 273.26233333333334}