{"start_step": 100, "end_step": 300, "step_interval": 100, "loss_values": [0.0004681030404753983, 2.086862332362216e-05, 1.3121162965035182e-06], "step_times": [7.2736771901448565, 7.274514834086101, 7.268196900685628], "step_time_avg": 7.272129641638862, "e2e_time_seconds": 278.86633333333333}