{"start_step": 100, "end_step": 300, "step_interval": 100, "loss_values": [0.0004598816449288279, 2.197976027673576e-05, 1.3908903990037895e-06], "step_times": [9.448389371236166, 9.448740005493164, 9.44986343383789], "step_time_avg": 9.448997603522407, "e2e_time_seconds": 287.34200000000004}