{"start_step": 100, "end_step": 300, "step_interval": 100, "loss_values": [0.0005329704144969583, 2.392743408563547e-05, 1.6679570080668782e-06], "step_times": [7.743874549865723, 7.7442946434021, 7.74159049987793], "step_time_avg": 7.743253231048584, "e2e_time_seconds": 307.527}