{"start_step": 100, "end_step": 300, "step_interval": 100, "loss_values": [0.0004463848114634554, 2.198353043543951e-05, 1.3909680092183407e-06], "step_times": [9.392253239949545, 9.394902865091959, 9.394213676452637], "step_time_avg": 9.393789927164713, "e2e_time_seconds": 288.921}