{"start_step": 100, "end_step": 500, "step_interval": 100, "loss_values": [6.521499792734782, 4.368227322896321, 2.4600756963094077, 2.3131065368652344, 2.295578638712565], "step_times": [4.44840129216512, 4.457281589508057, 4.480059305826823, 4.488745212554932, 4.484704812367757], "step_time_avg": 4.471838442484537, "e2e_time_seconds": 220.754}