{"start_step": 100, "end_step": 500, "step_interval": 100, "loss_values": [6.520950476328532, 4.369266668955485, 2.4599007765452066, 2.312046686808268, 2.291925032933553], "step_times": [4.178501447041829, 4.233253796895345, 4.264865557352702, 4.245078881581624, 4.262515862782796], "step_time_avg": 4.236843109130859, "e2e_time_seconds": 237.163}