{"start_step": 100, "end_step": 500, "step_interval": 100, "loss_values": [6.520458539326985, 4.366745154062907, 2.4579502741495767, 2.310685873031616, 2.286775747934977], "step_times": [1.2110966046651204, 1.2472434441248577, 1.2357190450032551, 1.2434440056482952, 1.2454134623209636], "step_time_avg": 1.2365833123524983, "e2e_time_seconds": 530.1616666666667}