{"start_step": 100, "end_step": 500, "step_interval": 100, "loss_values": [6.52083158493042, 4.364312489827474, 2.457612673441569, 2.3115482330322266, 2.2925499280293784], "step_times": [3.4583069483439126, 3.9953946272532144, 3.987027406692505, 4.067734400431315, 4.063005129496257], "step_time_avg": 3.914293702443441, "e2e_time_seconds": 337.4893333333334}