{"start_step": 100, "end_step": 500, "step_interval": 100, "loss_values": [0.0004681030404753983, 2.086862332362216e-05, 1.3121162965035182e-06, 5.8207657444020455e-11, 0.0], "step_times": [7.725894292195638, 7.695748964945476, 7.674357891082764, 7.7014509836832685, 7.720887184143066], "step_time_avg": 7.703667863210043, "e2e_time_seconds": 295.4576666666666}