{"start_step": 100, "end_step": 500, "step_interval": 100, "loss_values": [0.0004681030404753983, 2.086862332362216e-05, 1.3121162965035182e-06, 5.8207657444020455e-11, 0.0], "step_times": [7.872128804524739, 7.836748758951823, 7.842913786570231, 7.816442966461182, 7.858797073364258], "step_time_avg": 7.845406277974447, "e2e_time_seconds": 292.522}