{"start_step": 100, "end_step": 500, "step_interval": 100, "loss_values": [0.00046809131163172424, 2.086867971229367e-05, 1.3123492408340098e-06, 5.8207657444020455e-11, 0.0], "step_times": [8.059813817342123, 8.064383188883463, 8.062054316202799, 8.064233462015787, 8.060571988423666], "step_time_avg": 8.062211354573568, "e2e_time_seconds": 186.021}