{"start_step": 100, "end_step": 500, "step_interval": 100, "loss_values": [0.00046809131163172424, 2.086867971229367e-05, 1.3123492408340098e-06, 5.8207657444020455e-11, 0.0], "step_times": [8.008778889973959, 8.014708836873373, 8.011429150899252, 8.013259251912435, 8.00814119974772], "step_time_avg": 8.011263465881347, "e2e_time_seconds": 204.86966666666663}