{"start_step": 100, "end_step": 500, "step_interval": 100, "loss_values": [0.0004679674166254699, 2.0868097635684535e-05, 1.3118251445121132e-06, 6.335539382007482e-08, 0.0], "step_times": [6.345967451731364, 6.3443193435668945, 6.345146497090657, 6.344050407409668, 6.3422525723775225], "step_time_avg": 6.344347254435221, "e2e_time_seconds": 238.7543333333333}