{"start_step": 100, "end_step": 500, "step_interval": 100, "loss_values": [0.00046810254571028054, 2.0870078515144996e-05, 1.3122327118253452e-06, 5.8207657444020455e-11, 0.0], "step_times": [8.161738077799479, 8.162349383036295, 8.15965493520101, 8.158018112182617, 8.157390912373861], "step_time_avg": 8.159830284118652, "e2e_time_seconds": 296.75933333333336}