{"start_step": 100, "end_step": 500, "step_interval": 100, "loss_values": [0.00046810254571028054, 2.0870078515144996e-05, 1.3122327118253452e-06, 5.8207657444020455e-11, 0.0], "step_times": [8.176095008850098, 8.173092524210611, 8.17224915822347, 8.172685623168945, 8.173860867818197], "step_time_avg": 8.173596636454265, "e2e_time_seconds": 277.51066666666674}