{"start_step": 100, "end_step": 500, "step_interval": 100, "loss_values": [0.000448015615499268, 2.1749656298197806e-05, 1.3910260652968038e-06, 2.1157269711654287e-08, 0.0], "step_times": [3.797924836476644, 3.796743392944336, 3.796943744023641, 3.796983480453491, 3.7958765824635825], "step_time_avg": 3.796894407272339, "e2e_time_seconds": 338.49533333333335}