{"start_step": 100, "end_step": 500, "step_interval": 100, "loss_values": [0.000438039714936167, 2.219043562945444e-05, 1.4306265256891493e-06, 5.8207657444020455e-11, 0.0], "step_times": [2.5234107971191406, 2.5232578118642173, 2.5235915184020996, 2.5234344005584717, 2.5233071645100913], "step_time_avg": 2.523400338490804, "e2e_time_seconds": 388.4533333333334}