{"start_step": 100, "end_step": 500, "step_interval": 100, "loss_values": [0.0004382363404147327, 2.253897037007846e-05, 1.4306265256891493e-06, 5.8207657444020455e-11, 0.0], "step_times": [1.6573359568913777, 1.654531757036845, 1.6514259179433186, 1.652300516764323, 1.6523643334706624], "step_time_avg": 1.653591696421305, "e2e_time_seconds": 507.07099999999997}