{"start_step": 100, "end_step": 500, "step_interval": 100, "loss_values": [0.000438039714936167, 2.219043562945444e-05, 1.4306265256891493e-06, 5.8207657444020455e-11, 0.0], "step_times": [2.5005125999450684, 2.5009543100992837, 2.500957489013672, 2.500845034917196, 2.500762383143107], "step_time_avg": 2.5008063634236657, "e2e_time_seconds": 379.82233333333335}