{"start_step": 100, "end_step": 500, "step_interval": 100, "loss_values": [0.0004683640436269343, 2.1106745407450944e-05, 1.311883579546702e-06, 5.8207657444020455e-11, 0.0], "step_times": [6.97843599319458, 6.977321783701579, 6.975888093312581, 6.976069609324138, 6.976081212361653], "step_time_avg": 6.976759338378906, "e2e_time_seconds": 306.4506666666667}