{"start_step": 100, "end_step": 500, "step_interval": 100, "loss_values": [0.0004683640436269343, 2.1106745407450944e-05, 1.311883579546702e-06, 5.8207657444020455e-11, 0.0], "step_times": [6.892502148946126, 6.893189748128255, 6.891274134318034, 6.892073472340901, 6.890744527180989], "step_time_avg": 6.891956806182861, "e2e_time_seconds": 286.108}