{"start_step": 100, "end_step": 500, "step_interval": 100, "loss_values": [0.0004681030404753983, 2.086862332362216e-05, 1.3121162965035182e-06, 5.8207657444020455e-11, 0.0], "step_times": [7.965368588765462, 7.962141513824463, 7.961517333984375, 7.960983753204346, 7.957266171773274], "step_time_avg": 7.961455472310384, "e2e_time_seconds": 291.03866666666664}