{"start_step": 100, "end_step": 500, "step_interval": 100, "loss_values": [0.0004681030404753983, 2.086862332362216e-05, 1.3121162965035182e-06, 5.8207657444020455e-11, 0.0], "step_times": [8.003214995066324, 8.000750382741293, 7.9951066970825195, 7.997659206390381, 7.995091915130615], "step_time_avg": 7.998364639282227, "e2e_time_seconds": 274.688}